{
  "timestamp": "1771918398",
  "commit": "2d072b80c",
  "results": [
    {
      "scenario": "Fibonacci",
      "interpreter_ns": 3017667,
      "jit_ns": 2486458,
      "speedup": 1.2136408497549527,
      "runs": 10
    },
    {
      "scenario": "Factorial",
      "interpreter_ns": 1384500,
      "jit_ns": 1305625,
      "speedup": 1.060411680229775,
      "runs": 10
    },
    {
      "scenario": "ManyHashes",
      "interpreter_ns": 3426584,
      "jit_ns": 2474375,
      "speedup": 1.384828087900985,
      "runs": 10
    },
    {
      "scenario": "BubbleSort",
      "interpreter_ns": 343258166,
      "jit_ns": 338490084,
      "speedup": 1.0140863269719889,
      "runs": 10
    }
  ]
}